stay_item,행사현장_매칭_항목,매핑_부문코드,매핑_부문명,중복제거_방식,근거및매핑이유,신뢰도
숙박비,숙박,58,음식점 및 숙박서비스,한국관광공사_단가 - 만족도조사_숙박,I 음식점·숙박 부문(통합대분류 기준 식음료와 동일 부문),상
쇼핑비,쇼핑,52,도소매 및 상품중개서비스,한국관광공사_단가 - 만족도조사_쇼핑,G 도소매; 특산품·기념품 등 소매단계,상
식음료비,식음료,58,음식점 및 숙박서비스,한국관광공사_단가 - 만족도조사_식음료,I 음식점·숙박 부문,상
대중교통비,교통(부분),53,육상운송서비스,차량임대와 합산하여 만족도조사_교통과 차감,H 운송서비스 중 대중교통,상
차량임대비_렌터카,교통(부분),73,장비·용품 및 지식재산권 임대,대중교통과 합산하여 만족도조사_교통과 차감,N 사업지원 중 임대; 렌터카,상
관광문화관련지출,(매칭 없음),79,문화 및 여행 관련 서비스,차감 없이 전액 적용,R 예술·스포츠·여가 중 문화·여행 관련(만족도조사 항목과 비매칭),상
오락운동관련지출,오락,80,스포츠 및 오락서비스,한국관광공사_단가 - 만족도조사_오락 (음수면 0),R 예술·스포츠·여가 중 오락,상
기타비용,기타(부분),52,도소매 및 상품중개서비스,관광문화 별도 분리 후 만족도조사_기타와 차감 (음수면 0),잡비; 도소매 평균치로 처리,중
항공료_선박료,(매칭 없음),0,(지역내 효과 0%),차감 없음 - 항공/선박은 도외 발생이라 지역효과 0%,항공·선박운송은 제주 외 발생이라 지역경제 직접효과 미미; 0% 처리,상
