item,jul,aug,sep,oct,unit,note,source
숙박비,121188,170171,148228,148228,원,10월은 9월과 동일 적용,제주연구원 새연교 분석보고서 인용 (한국관광공사 「국민여행조사」 추정)
쇼핑비,104782,90362,93585,93585,원,,제주연구원 새연교 분석보고서 인용
식음료비,181757,207534,197156,197156,원,,제주연구원 새연교 분석보고서 인용
대중교통비,3561,2477,3384,3384,원,,제주연구원 새연교 분석보고서 인용
차량임대비_렌터카,41572,56854,48957,48957,원,,제주연구원 새연교 분석보고서 인용
관광문화관련지출,24269,30750,23024,23024,원,,제주연구원 새연교 분석보고서 인용
오락운동관련지출,13400,29848,14489,14489,원,,제주연구원 새연교 분석보고서 인용
기타비용,2132,2971,3418,3418,원,,제주연구원 새연교 분석보고서 인용
항공료_선박료,148384,166455,148962,148962,원,제주 외 발생 → 지역내 효과 0%,제주연구원 새연교 분석보고서 인용
